﻿Designator,Quantity,Value,Footprint,Package,MPN,DNP,Mount_Type,Description,Sim.Pins,DigiKey_Part_Number,Price,MF,Description_1,Check_prices,STANDARD,PARTREV,SnapEDA_Link,MP,Availability,MANUFACTURER,MAXIMUM_PACKAGE_HEIGHT,OC_FARNELL,SUPPLIER,OC_NEWARK
D1,1,LED_OK,LED_Kingbright_KPBD-3224,,,,smt,Light emitting diode,1=K 2=A,,,,,,,,,,,,,,,
D2,1,LED_FAIL,LED_Kingbright_KPBD-3224,,,,smt,Light emitting diode,1=K 2=A,,,,,,,,,,,,,,,
D3,1,LED_WARN,LED_Kingbright_KPBD-3224,,,,smt,Light emitting diode,1=K 2=A,,,,,,,,,,,,,,,
D4,1,LED_PWR,LED_Kingbright_KPBD-3224,,,,smt,Light emitting diode,1=K 2=A,,,,,,,,,,,,,,,
"J1, J2, J8, J9",4,FPGA I/O,PinSocket_1x24_P2.54mm_Vertical,,,,tht,"Generic connector, single row, 01x24, script generated (kicad-library-utils/schlib/autogen/connector/)",,S7057-ND,1.142,,,,,,,,,,,,,
"R10, R15, R16, R17, R18",5,300,R_0805_2012Metric_Pad1.20x1.40mm_HandSolder,,,,smt,Resistor,,311-10.0KCRCT-ND,0.0129,,,,,,,,,,,,,
"R11, R12",2,4.7k,R_0805_2012Metric_Pad1.20x1.40mm_HandSolder,,,,smt,Resistor,,311-10.0KCRCT-ND,0.0129,,,,,,,,,,,,,
"U1, U2",2,NUCLEO-H753ZI,MODULE_NUCLEO-H753ZI,None,,,tht,,,,None,STMicroelectronics,STM32H753ZI Nucleo-144 STM32H7 ARM® Cortex®-M7 MCU 32-Bit Embedded Evaluation Board,https://www.snapeda.com/parts/NUCLEO-H753ZI/STMicroelectronics/view-part/?ref=eda,Manufacturer Recommendations,Rev. 2,https://www.snapeda.com/parts/NUCLEO-H753ZI/STMicroelectronics/view-part/?ref=snap,NUCLEO-H753ZI,In Stock,STMicroelectronics,,,,
U3,1,NUCLEO-F303RE,ST_NUCLEO-F303RE,None,,,tht,,,,None,STMicroelectronics,"STM32F303RE, mbed-Enabled Development Nucleo-64 STM32F3 ARM® Cortex®-M4 MCU 32-Bit Embedded Evaluation Board",https://www.snapeda.com/parts/NUCLEO-F303RE/STMicroelectronics/view-part/?ref=eda,Manufacturer recommendations,14,https://www.snapeda.com/parts/NUCLEO-F303RE/STMicroelectronics/view-part/?ref=snap,NUCLEO-F303RE,In Stock,STMicroelectronics,N/A,,,
U4,1,YAAJ_BluePill_Part_Like,YAAJ_WeAct_BlackPill_SWD_2,,,,tht,STM32 Blue Pill ; not KLC compliant,,,,,,,,,,,,,,,,
"U5, U8",2,24LC256-I_SN,SOIC127P600X175-8N,SOIC-8,24LC256-I/SN,,smt,,,,None,Microchip,"Microchip 24LC256-I/SN Serial EEPROM Memory,256kbit,900ns,2.5 to 5.5V 8-Pin SOIC | Microchip Technology Inc. 24LC256-I/SN",https://www.snapeda.com/parts/24LC256-I/SN/Microchip/view-part/?ref=eda,,,https://www.snapeda.com/parts/24LC256-I/SN/Microchip/view-part/?ref=snap,24LC256-I/SN,In Stock,,,1579573,MICROCHIP,92C7171
U6,1,BME280,Bosch_LGA-8_2.5x2.5mm_P0.65mm_ClockwisePinNumbering,,,,smt,"3-in-1 sensor, humidity, pressure, temperature, I2C and SPI interface, 1.71-3.6V, LGA-8",,,,,,,,,,,,,,,,
U7,1,INA219AxD,SOIC-8_3.9x4.9mm_P1.27mm,,,,smt,"Zero-Drift, Bidirectional Current/Power Monitor (0-26V) With I2C Interface, SOIC-8",,,,,,,,,,,,,,,,
U9,1,NUCLEO-F446RE,MODULE_NUCLEO-F446RE,None,,,tht,,,,None,STMicroelectronics,"STM32F446RE, mbed-Enabled Development Nucleo-64 STM32F4 ARM® Cortex®-M4 MCU 32-Bit Embedded Evaluation Board",https://www.snapeda.com/parts/NUCLEO-F446RE/STMicroelectronics/view-part/?ref=eda,Manufacturer Recommendations,13,https://www.snapeda.com/parts/NUCLEO-F446RE/STMicroelectronics/view-part/?ref=snap,NUCLEO-F446RE,In Stock,STMicroelectronics,,,,
