﻿Designator,Quantity,Value,Footprint,Package,MPN,DNP,Mount_Type,Description,Sim.Pins,DigiKey_Part_Number,Price,MF,Description_1,Check_prices,STANDARD,PARTREV,SnapEDA_Link,MP,Availability,MANUFACTURER,MAXIMUM_PACKAGE_HEIGHT,OC_FARNELL,SUPPLIER,OC_NEWARK
"C1, C2, C3, C4, C5",5,0.1uf,C_0201_0603Metric,,,,smt,"Unpolarized capacitor, small symbol",,,,,,,,,,,,,,,,
C6,1,10uf,C_0201_0603Metric,,,,smt,"Unpolarized capacitor, small symbol",,,,,,,,,,,,,,,,
"D1, D12, D16",3,LED_OK,LED_Kingbright_KPBD-3224,,,,smt,Light emitting diode,1=K 2=A,,,,,,,,,,,,,,,
"D10, D11, D15, D4, D5, D6, D7, D8, D9",9,LED_PWR,LED_Kingbright_KPBD-3224,,,,smt,Light emitting diode,1=K 2=A,,,,,,,,,,,,,,,
"D13, D17, D2",3,LED_FAIL,LED_Kingbright_KPBD-3224,,,,smt,Light emitting diode,1=K 2=A,,,,,,,,,,,,,,,
"D14, D18, D3",3,LED_WARN,LED_Kingbright_KPBD-3224,,,,smt,Light emitting diode,1=K 2=A,,,,,,,,,,,,,,,
"J1, J2, J8, J9",4,FPGA I/O,PinSocket_1x24_P2.54mm_Vertical,,,,tht,"Generic connector, single row, 01x24, script generated (kicad-library-utils/schlib/autogen/connector/)",,S7057-ND,1.142,,,,,,,,,,,,,
"J10, J11, J5, J6, J7",5,INA219_CONFIG,PinHeader_1x02_P1.00mm_Horizontal,,,,tht,"Generic connector, single row, 01x02, script generated (kicad-library-utils/schlib/autogen/connector/)",,,,,,,,,,,,,,,,
J12,1,AAM_DBG,PinHeader_1x03_P1.00mm_Horizontal,,,,tht,"Generic connector, single row, 01x03, script generated (kicad-library-utils/schlib/autogen/connector/)",,,,,,,,,,,,,,,,
J13,1,DSM_DBG,PinHeader_1x03_P1.00mm_Horizontal,,,,tht,"Generic connector, single row, 01x03, script generated (kicad-library-utils/schlib/autogen/connector/)",,,,,,,,,,,,,,,,
J14,1,ACM_DBG,PinHeader_1x03_P1.00mm_Horizontal,,,,tht,"Generic connector, single row, 01x03, script generated (kicad-library-utils/schlib/autogen/connector/)",,,,,,,,,,,,,,,,
J4,1,TDM_DBG,PinHeader_1x03_P1.00mm_Horizontal,,,,tht,"Generic connector, single row, 01x03, script generated (kicad-library-utils/schlib/autogen/connector/)",,,,,,,,,,,,,,,,
"R11, R12",2,4.7k,R_0805_2012Metric_Pad1.20x1.40mm_HandSolder,,,,smt,Resistor,,311-10.0KCRCT-ND,0.0129,,,,,,,,,,,,,
"R13, R14, R19, R20, R21, R22, R23, R24, R25, R26, R28",11,10k,R_0805_2012Metric_Pad1.20x1.40mm_HandSolder,,,,smt,Resistor,,311-10.0KCRCT-ND,0.0129,,,,,,,,,,,,,
"R15, R16, R17, R18, R27, R29, R30, R31, R32, R33, R34, R35, R36, R37, R38, R39, R40, R41",18,300,R_0805_2012Metric_Pad1.20x1.40mm_HandSolder,,,,smt,Resistor,,311-10.0KCRCT-ND,0.0129,,,,,,,,,,,,,
TH1,1,10k,R_LDR_4.9x4.2mm_P2.54mm_Vertical,,,,tht,Temperature dependent resistor,,,,,,,,,,,,,,,,
"U1, U2",2,NUCLEO-H753ZI,MODULE_NUCLEO-H753ZI,None,,,tht,,,,None,STMicroelectronics,STM32H753ZI Nucleo-144 STM32H7 ARM® Cortex®-M7 MCU 32-Bit Embedded Evaluation Board,https://www.snapeda.com/parts/NUCLEO-H753ZI/STMicroelectronics/view-part/?ref=eda,Manufacturer Recommendations,Rev. 2,https://www.snapeda.com/parts/NUCLEO-H753ZI/STMicroelectronics/view-part/?ref=snap,NUCLEO-H753ZI,In Stock,STMicroelectronics,,,,
"U10, U11, U12, U13, U7",5,INA219AxD,SOIC-8_3.9x4.9mm_P1.27mm,,,,smt,"Zero-Drift, Bidirectional Current/Power Monitor (0-26V) With I2C Interface, SOIC-8",,,,,,,,,,,,,,,,
U14,1,W25Q128JVS,SOIC-8_5.3x5.3mm_P1.27mm,,,,smt,"128Mbit / 16MiB Serial Flash Memory, Standard/Dual/Quad SPI, 2.7-3.6V, SOIC-8",,,,,,,,,,,,,,,,
U15,1,AP2112K-3.3,SOT-23-5,,,,smt,"600mA low dropout linear regulator, with enable pin, 3.8V-6V input voltage range, 3.3V fixed positive output, SOT-23-5",,,,,,,,,,,,,,,,
U16,1,74HC4050D,SO16,SOIC-16 ON Semiconductor,,,smt,,,,None,Toshiba,"Buffer, Non-Inverting 6 Element 1 Bit per Element - Output 16-SOIC",https://www.snapeda.com/parts/74HC4050D/Toshiba/view-part/?ref=eda,,,https://www.snapeda.com/parts/74HC4050D/Toshiba/view-part/?ref=snap,74HC4050D,In Stock,,,,,
U3,1,NUCLEO-F303RE,ST_NUCLEO-F303RE,None,,,tht,,,,None,STMicroelectronics,"STM32F303RE, mbed-Enabled Development Nucleo-64 STM32F3 ARM® Cortex®-M4 MCU 32-Bit Embedded Evaluation Board",https://www.snapeda.com/parts/NUCLEO-F303RE/STMicroelectronics/view-part/?ref=eda,Manufacturer recommendations,14,https://www.snapeda.com/parts/NUCLEO-F303RE/STMicroelectronics/view-part/?ref=snap,NUCLEO-F303RE,In Stock,STMicroelectronics,N/A,,,
U4,1,YAAJ_BluePill_Part_Like,YAAJ_WeAct_BlackPill_SWD_2,,,,tht,STM32 Blue Pill ; not KLC compliant,,,,,,,,,,,,,,,,
"U5, U8",2,24LC256-I_SN,SOIC127P600X175-8N,SOIC-8,24LC256-I/SN,,smt,,,,None,Microchip,"Microchip 24LC256-I/SN Serial EEPROM Memory,256kbit,900ns,2.5 to 5.5V 8-Pin SOIC | Microchip Technology Inc. 24LC256-I/SN",https://www.snapeda.com/parts/24LC256-I/SN/Microchip/view-part/?ref=eda,,,https://www.snapeda.com/parts/24LC256-I/SN/Microchip/view-part/?ref=snap,24LC256-I/SN,In Stock,,,1579573,MICROCHIP,92C7171
U6,1,BME280,Bosch_LGA-8_2.5x2.5mm_P0.65mm_ClockwisePinNumbering,,,,smt,"3-in-1 sensor, humidity, pressure, temperature, I2C and SPI interface, 1.71-3.6V, LGA-8",,,,,,,,,,,,,,,,
U9,1,NUCLEO-F446RE,MODULE_NUCLEO-F446RE,None,,,tht,,,,None,STMicroelectronics,"STM32F446RE, mbed-Enabled Development Nucleo-64 STM32F4 ARM® Cortex®-M4 MCU 32-Bit Embedded Evaluation Board",https://www.snapeda.com/parts/NUCLEO-F446RE/STMicroelectronics/view-part/?ref=eda,Manufacturer Recommendations,13,https://www.snapeda.com/parts/NUCLEO-F446RE/STMicroelectronics/view-part/?ref=snap,NUCLEO-F446RE,In Stock,STMicroelectronics,,,,
