﻿pos_x,pos_y,rotation,side,designator,mpn,pack,footprint,value,mount_type
548.0873,-169.0,0.0,top,C1,,,C_0201_0603Metric,0.1uf,smt
548.0873,-175.4872,0.0,top,C2,,,C_0201_0603Metric,0.1uf,smt
548.0873,-181.9901,0.0,top,C3,,,C_0201_0603Metric,0.1uf,smt
548.0873,-188.7401,0.0,top,C4,,,C_0201_0603Metric,0.1uf,smt
548.0873,-195.4901,0.0,top,C5,,,C_0201_0603Metric,0.1uf,smt
410.065,-168.48,0.0,top,C6,,,C_0201_0603Metric,10uf,smt
520.4,-145.2,-90.0,top,D1,,,LED_Kingbright_KPBD-3224,LED_OK,smt
404.01,-171.48,90.0,top,D10,,,LED_Kingbright_KPBD-3224,LED_PWR,smt
366.31,-174.98,90.0,top,D11,,,LED_Kingbright_KPBD-3224,LED_PWR,smt
366.31,-179.346667,90.0,top,D12,,,LED_Kingbright_KPBD-3224,LED_OK,smt
366.21,-183.713333,90.0,top,D13,,,LED_Kingbright_KPBD-3224,LED_FAIL,smt
366.21,-188.08,90.0,top,D14,,,LED_Kingbright_KPBD-3224,LED_WARN,smt
363.0,-66.5,90.0,top,D15,,,LED_Kingbright_KPBD-3224,LED_PWR,smt
362.8,-81.0,90.0,top,D16,,,LED_Kingbright_KPBD-3224,LED_OK,smt
362.8,-75.7,90.0,top,D17,,,LED_Kingbright_KPBD-3224,LED_FAIL,smt
363.0,-71.0,90.0,top,D18,,,LED_Kingbright_KPBD-3224,LED_WARN,smt
520.3,-149.4,-90.0,top,D2,,,LED_Kingbright_KPBD-3224,LED_FAIL,smt
520.3,-153.6451,-90.0,top,D3,,,LED_Kingbright_KPBD-3224,LED_WARN,smt
520.3,-157.9,-90.0,top,D4,,,LED_Kingbright_KPBD-3224,LED_PWR,smt
531.0,-166.75,90.0,top,D5,,,LED_Kingbright_KPBD-3224,LED_PWR,smt
531.0,-173.2375,90.0,top,D6,,,LED_Kingbright_KPBD-3224,LED_PWR,smt
531.0,-192.7,90.0,top,D7,,,LED_Kingbright_KPBD-3224,LED_PWR,smt
531.0,-186.2125,90.0,top,D8,,,LED_Kingbright_KPBD-3224,LED_PWR,smt
531.0,-179.725,90.0,top,D9,,,LED_Kingbright_KPBD-3224,LED_PWR,smt
368.7,-102.98,0.0,top,J1,,,PinSocket_1x24_P2.54mm_Vertical,FPGA I/O,tht
556.375,-186.125,0.0,top,J10,,,PinHeader_1x02_P1.00mm_Horizontal,INA219_CONFIG,tht
556.375,-192.5,0.0,top,J11,,,PinHeader_1x02_P1.00mm_Horizontal,INA219_CONFIG,tht
374.75,-53.775,90.0,top,J12,,,PinHeader_1x03_P1.00mm_Horizontal,AAM_DBG,tht
387.25,-53.775,90.0,top,J13,,,PinHeader_1x03_P1.00mm_Horizontal,DSM_DBG,tht
362.35,-53.775,90.0,top,J14,,,PinHeader_1x03_P1.00mm_Horizontal,ACM_DBG,tht
392.01,-102.98,0.0,top,J2,,,PinSocket_1x24_P2.54mm_Vertical,FPGA I/O,tht
399.75,-53.775,90.0,top,J4,,,PinHeader_1x03_P1.00mm_Horizontal,TDM_DBG,tht
556.375,-167.0,0.0,top,J5,,,PinHeader_1x02_P1.00mm_Horizontal,INA219_CONFIG,tht
556.375,-173.375,0.0,top,J6,,,PinHeader_1x02_P1.00mm_Horizontal,INA219_CONFIG,tht
556.375,-179.75,0.0,top,J7,,,PinHeader_1x02_P1.00mm_Horizontal,INA219_CONFIG,tht
359.7,-102.98,0.0,top,J8,,,PinSocket_1x24_P2.54mm_Vertical,FPGA I/O,tht
401.01,-102.94,0.0,top,J9,,,PinSocket_1x24_P2.54mm_Vertical,FPGA I/O,tht
555.95,-155.6,180.0,top,R11,,,R_0805_2012Metric_Pad1.20x1.40mm_HandSolder,4.7k,smt
555.95,-150.14,180.0,top,R12,,,R_0805_2012Metric_Pad1.20x1.40mm_HandSolder,4.7k,smt
552.0,-165.5,0.0,top,R13,,,R_0805_2012Metric_Pad1.20x1.40mm_HandSolder,10k,smt
551.957401,-168.66397,0.0,top,R14,,,R_0805_2012Metric_Pad1.20x1.40mm_HandSolder,10k,smt
512.4,-157.84,180.0,top,R15,,,R_0805_2012Metric_Pad1.20x1.40mm_HandSolder,300,smt
512.4,-145.2,180.0,top,R16,,,R_0805_2012Metric_Pad1.20x1.40mm_HandSolder,300,smt
512.4,-149.7,180.0,top,R17,,,R_0805_2012Metric_Pad1.20x1.40mm_HandSolder,300,smt
512.4,-153.84,180.0,top,R18,,,R_0805_2012Metric_Pad1.20x1.40mm_HandSolder,300,smt
549.2,-139.6,0.0,top,R19,,,R_0805_2012Metric_Pad1.20x1.40mm_HandSolder,10k,smt
552.0,-172.05,0.0,top,R20,,,R_0805_2012Metric_Pad1.20x1.40mm_HandSolder,10k,smt
552.0,-175.0,0.0,top,R21,,,R_0805_2012Metric_Pad1.20x1.40mm_HandSolder,10k,smt
552.0,-178.55,0.0,top,R22,,,R_0805_2012Metric_Pad1.20x1.40mm_HandSolder,10k,smt
552.0,-185.0,0.0,top,R23,,,R_0805_2012Metric_Pad1.20x1.40mm_HandSolder,10k,smt
552.0,-181.65,0.0,top,R24,,,R_0805_2012Metric_Pad1.20x1.40mm_HandSolder,10k,smt
552.0,-188.15,0.0,top,R25,,,R_0805_2012Metric_Pad1.20x1.40mm_HandSolder,10k,smt
552.0,-192.0,0.0,top,R26,,,R_0805_2012Metric_Pad1.20x1.40mm_HandSolder,10k,smt
536.5,-166.75,0.0,top,R27,,,R_0805_2012Metric_Pad1.20x1.40mm_HandSolder,300,smt
552.0,-194.95,0.0,top,R28,,,R_0805_2012Metric_Pad1.20x1.40mm_HandSolder,10k,smt
536.5,-173.1875,0.0,top,R29,,,R_0805_2012Metric_Pad1.20x1.40mm_HandSolder,300,smt
536.5,-192.5,0.0,top,R30,,,R_0805_2012Metric_Pad1.20x1.40mm_HandSolder,300,smt
536.5,-186.0625,0.0,top,R31,,,R_0805_2012Metric_Pad1.20x1.40mm_HandSolder,300,smt
536.5,-179.625,0.0,top,R32,,,R_0805_2012Metric_Pad1.20x1.40mm_HandSolder,300,smt
404.01,-167.48,180.0,top,R33,,,R_0805_2012Metric_Pad1.20x1.40mm_HandSolder,300,smt
358.01,-175.28,0.0,top,R34,,,R_0805_2012Metric_Pad1.20x1.40mm_HandSolder,300,smt
358.11,-179.48,0.0,top,R35,,,R_0805_2012Metric_Pad1.20x1.40mm_HandSolder,300,smt
358.01,-183.68,0.0,top,R36,,,R_0805_2012Metric_Pad1.20x1.40mm_HandSolder,300,smt
358.01,-187.88,0.0,top,R37,,,R_0805_2012Metric_Pad1.20x1.40mm_HandSolder,300,smt
356.0,-67.0,0.0,top,R38,,,R_0805_2012Metric_Pad1.20x1.40mm_HandSolder,300,smt
356.2,-81.2,0.0,top,R39,,,R_0805_2012Metric_Pad1.20x1.40mm_HandSolder,300,smt
356.2,-76.0,0.0,top,R40,,,R_0805_2012Metric_Pad1.20x1.40mm_HandSolder,300,smt
356.2,-71.2,0.0,top,R41,,,R_0805_2012Metric_Pad1.20x1.40mm_HandSolder,300,smt
553.66,-139.6,0.0,top,TH1,,,R_LDR_4.9x4.2mm_P2.54mm_Vertical,10k,tht
313.41,-126.47,0.0,top,U1,,None,MODULE_NUCLEO-H753ZI,NUCLEO-H753ZI,tht
542.5425,-173.5787,0.0,top,U10,,,SOIC-8_3.9x4.9mm_P1.27mm,INA219AxD,smt
542.525,-180.1575,0.0,top,U11,,,SOIC-8_3.9x4.9mm_P1.27mm,INA219AxD,smt
542.5775,-186.7362,0.0,top,U12,,,SOIC-8_3.9x4.9mm_P1.27mm,INA219AxD,smt
542.56,-193.315,0.0,top,U13,,,SOIC-8_3.9x4.9mm_P1.27mm,INA219AxD,smt
388.51,-178.58,0.0,top,U14,,,SOIC-8_5.3x5.3mm_P1.27mm,W25Q128JVS,smt
398.3475,-168.43,0.0,top,U15,,,SOT-23-5,AP2112K-3.3,smt
400.915,-178.48,0.0,top,U16,,SOIC-16 ON Semiconductor,SO16,74HC4050D,smt
448.0,-126.77,0.0,top,U2,,None,MODULE_NUCLEO-H753ZI,NUCLEO-H753ZI,tht
230.33,-154.52,0.0,top,U3,,None,ST_NUCLEO-F303RE,NUCLEO-F303RE,tht
207.14,-72.84,90.0,top,U4,,,YAAJ_WeAct_BlackPill_SWD_2,YAAJ_BluePill_Part_Like,tht
538.6,-155.505,0.0,top,U5,24LC256-I/SN,SOIC-8,SOIC127P600X175-8N,24LC256-I_SN,smt
379.725,-196.455,0.0,top,U6,,,Bosch_LGA-8_2.5x2.5mm_P0.65mm_ClockwisePinNumbering,BME280,smt
542.595,-167.0,0.0,top,U7,,,SOIC-8_3.9x4.9mm_P1.27mm,INA219AxD,smt
538.6,-147.6,0.0,top,U8,24LC256-I/SN,SOIC-8,SOIC127P600X175-8N,24LC256-I_SN,smt
523.11,-96.51,0.0,top,U9,,None,MODULE_NUCLEO-F446RE,NUCLEO-F446RE,tht
