﻿pos_x,pos_y,rotation,side,designator,mpn,pack,footprint,value,mount_type
492.36,-145.0,0.0,top,D1,,,LED_Kingbright_KPBD-3224,LED_OK,smt
496.56,-145.1,0.0,top,D2,,,LED_Kingbright_KPBD-3224,LED_FAIL,smt
500.805086,-145.1,0.0,top,D3,,,LED_Kingbright_KPBD-3224,LED_WARN,smt
505.06,-145.1,0.0,top,D4,,,LED_Kingbright_KPBD-3224,LED_PWR,smt
289.0,-91.5,0.0,top,J1,,,PinSocket_1x24_P2.54mm_Vertical,FPGA I/O,tht
312.0,-91.5,0.0,top,J2,,,PinSocket_1x24_P2.54mm_Vertical,FPGA I/O,tht
280.0,-91.5,0.0,top,J8,,,PinSocket_1x24_P2.54mm_Vertical,FPGA I/O,tht
321.0,-91.46,0.0,top,J9,,,PinSocket_1x24_P2.54mm_Vertical,FPGA I/O,tht
546.720043,-160.0,0.0,top,R10,,,R_0805_2012Metric_Pad1.20x1.40mm_HandSolder,300,smt
543.920086,-171.0,0.0,top,R11,,,R_0805_2012Metric_Pad1.20x1.40mm_HandSolder,4.7k,smt
541.120129,-163.0,0.0,top,R12,,,R_0805_2012Metric_Pad1.20x1.40mm_HandSolder,4.7k,smt
515.809871,-153.2,0.0,top,R15,,,R_0805_2012Metric_Pad1.20x1.40mm_HandSolder,300,smt
492.36,-152.0,-90.0,top,R16,,,R_0805_2012Metric_Pad1.20x1.40mm_HandSolder,300,smt
496.86,-153.0,90.0,top,R17,,,R_0805_2012Metric_Pad1.20x1.40mm_HandSolder,300,smt
513.009914,-162.05,0.0,top,R18,,,R_0805_2012Metric_Pad1.20x1.40mm_HandSolder,300,smt
199.87,-126.47,0.0,top,U1,,None,MODULE_NUCLEO-H753ZI,NUCLEO-H753ZI,tht
400.37,-126.77,0.0,top,U2,,None,MODULE_NUCLEO-H753ZI,NUCLEO-H753ZI,tht
74.75,-140.79,0.0,top,U3,,None,ST_NUCLEO-F303RE,NUCLEO-F303RE,tht
41.55,-74.5,90.0,top,U4,,,YAAJ_WeAct_BlackPill_SWD_2,YAAJ_BluePill_Part_Like,tht
554.36,-176.0,0.0,top,U5,24LC256-I/SN,SOIC-8,SOIC127P600X175-8N,24LC256-I_SN,smt
528.2603,-181.975,0.0,top,U6,,,Bosch_LGA-8_2.5x2.5mm_P0.65mm_ClockwisePinNumbering,BME280,smt
544.525,-191.595,0.0,top,U7,,,SOIC-8_3.9x4.9mm_P1.27mm,INA219AxD,smt
520.087629,-161.0896,0.0,top,U8,24LC256-I/SN,SOIC-8,SOIC127P600X175-8N,24LC256-I_SN,smt
523.11,-96.51,0.0,top,U9,,None,MODULE_NUCLEO-F446RE,NUCLEO-F446RE,tht
